Players,club,league,Position,short_passing,dribbling,long_passing,sprint_speed,interceptions,gk_diving,Goals-16/17,A-16/17,CS-16/17,Yellow-16/17,Red-16/17,Off-16/17,Pen_SV-16/17,Pen_M-16/17,Goals_conceded-16/17,OG-16/17,Apps-16/17,Form-16/17,Goals-15/16,A-15/16,CS-15/16,Yellow-15/16,Red-15/16,Off-15/16,Pen_SV-15/16,Pen_M-15/16,Goals_conceded-15/16,OG-15/16,Apps-15/16
Aaron Cresswell,West Ham United,English Premier League,Defender,72,76,68,76,71,14,0,2,5,3,0,3,0,0,37,0,26,2.2692307692,2,4,11,1,0,1,0,0,50,0,37
Adam Masina,Bologna,Italian Serie A,Defender,68,68,68,82,72,14,1,0,6,6,1,5,0,0,51,0,32,1.78125,2,2,5,8,1,6,0,0,38,0,33
Adam Smith,Bournemouth,English Premier League,Defender,72,74,61,75,70,8,1,5,8,6,0,0,0,0,61,1,36,2.25,2,1,6,5,0,2,0,0,53,0,31
Adil Rami,Olympique de Marseille,French Ligue 1,Defender,66,53,68,57,83,5,0,0,7,4,0,1,0,0,22,0,21,2.7619047619,0,1,9,8,0,2,0,0,36,0,28
Adrian Mariappa,Watford,English Premier League,Defender,63,59,61,68,68,6,0,0,1,0,0,0,0,0,13,0,7,1.5714285713999998,0,0,0,0,0,1,0,0,7,0,3
Aissa Mandi,Real Betis Balompie,Spanish Primera Division,Defender,76,64,73,69,80,15,2,1,6,4,0,3,0,0,53,0,26,1.9615384615,5,1,2,3,1,1,0,0,49,0,32
Alaeddine Yahia,AS Nancy Lorraine,French Ligue 2,Defender,62,41,60,46,65,12,1,0,5,7,0,6,0,0,47,1,31,1.9032258065,1,0,7,5,1,2,0,0,34,1,26
Alberto Moreno,Liverpool,English Premier League,Defender,74,76,64,88,69,10,0,1,0,1,0,0,0,0,18,0,12,1.0833333333,1,5,6,3,0,3,0,0,42,0,32
Aleix Vidal,FC Barcelona,Spanish Primera Division,Defender,78,81,64,93,73,8,2,2,3,0,0,0,0,0,3,0,6,6.666666666699999,0,1,1,1,0,2,0,0,5,0,8
Alejandro Arribas,RC Deportivo de La Coruna,Spanish Primera Division,Defender,70,48,58,59,77,12,0,1,7,7,0,0,0,0,34,0,23,2.1304347826,2,0,5,10,0,2,0,0,47,1,31
Aleksandar Kolarov,Roma,Italian Serie A,Defender,73,78,77,67,80,16,1,1,8,6,0,0,0,0,28,1,29,2.7931034482999997,3,4,10,3,0,2,0,1,33,0,29
Alessandro Gamberini,Chievo Verona,Italian Serie A,Defender,50,54,54,68,83,16,1,0,6,1,0,5,0,0,32,0,20,2.5,0,1,6,1,0,5,0,0,24,1,22
Alessio Romagnoli,Milan,Italian Serie A,Defender,67,63,67,68,82,9,1,1,9,5,0,1,0,0,27,0,27,3.1481481481,0,0,10,9,0,0,0,0,37,0,34
Alex Ferrari,Hellas Verona,Italian Serie A,Defender,58,60,56,77,66,9,0,0,0,0,0,0,0,0,3,0,1,0.0,0,0,2,6,0,3,0,0,20,0,21
Alex Sandro,Juventus,Italian Serie A,Defender,81,82,71,88,82,7,3,4,12,5,0,0,0,0,20,0,27,4.3333333333,2,3,9,6,0,0,0,0,11,0,22
Alexander Hack,1. FSV Mainz 05,German Bundesliga,Defender,74,59,75,76,69,6,0,1,3,1,0,1,0,0,25,0,15,1.9333333333000002,0,0,1,1,0,0,0,0,9,0,7
Alexis,Deportivo Alaves,Spanish Primera Division,Defender,75,48,63,63,72,16,2,1,4,10,0,0,0,0,30,1,24,2.1666666667,1,0,5,7,0,0,0,0,25,0,15
Allan Nyom,West Bromwich Albion,English Premier League,Defender,65,68,64,78,75,12,0,2,4,8,0,3,0,0,43,0,32,1.875,0,1,9,8,0,9,0,0,40,0,32
Almamy Toure,AS Monaco,French Ligue 1,Defender,70,71,55,73,72,11,0,5,6,0,0,2,0,0,12,0,15,4.2,3,2,2,3,0,2,0,0,17,0,10
Anaitz Arbilla,SD Eibar,Spanish Primera Division,Defender,73,65,65,73,76,14,0,2,4,5,0,4,0,0,27,0,22,2.2727272727,0,0,2,3,0,0,0,0,15,0,7
Andre Ramalho,Bayer 04 Leverkusen,German Bundesliga,Defender,74,62,72,55,78,7,0,0,2,4,0,4,0,0,29,0,18,1.2222222222,0,0,5,5,0,0,0,0,24,0,19
Andrea Barzagli,Juventus,Italian Serie A,Defender,65,64,65,76,92,4,0,0,9,2,0,3,0,0,12,0,22,3.5,1,0,18,2,0,2,0,0,15,0,31
Andrea Coda,Pescara,Italian Serie B,Defender,49,43,49,52,70,8,0,0,0,8,0,6,0,0,32,0,13,-0.0769230769,0,0,0,1,0,1,0,0,7,0,4
Andrea Conti,Milan,Italian Serie A,Defender,75,71,68,84,73,9,8,5,11,12,0,8,0,0,37,0,33,4.2424242424,2,0,2,2,0,5,0,0,18,0,14
Andrea Costa,Benevento Calcio,Italian Serie A,Defender,58,58,54,68,78,8,2,1,7,6,0,3,0,0,39,1,26,2.5,1,0,10,4,0,0,0,0,22,0,24
Andrea Masiello,Atalanta,Italian Serie A,Defender,66,54,63,62,80,14,3,1,13,9,0,4,0,0,29,0,35,3.6,0,1,7,7,0,4,0,0,37,0,29
Andrea Raggi,AS Monaco,French Ligue 1,Defender,71,61,66,55,75,6,0,0,4,0,0,3,0,0,14,0,14,2.7857142857,2,1,12,5,0,1,0,0,42,0,31
Andrea Ranocchia,Inter,Italian Serie A,Defender,67,58,65,47,79,12,2,2,3,4,0,2,0,0,41,0,21,1.7875,0,0,5,6,0,0,0,0,26,0,23
Andrea Rispoli,Palermo,Italian Serie B,Defender,68,69,68,80,68,15,5,3,4,5,0,4,0,0,67,0,33,2.1515151515,0,4,5,3,0,5,0,0,33,0,22
Andreas Christensen,Chelsea,English Premier League,Defender,76,68,72,73,82,10,2,0,9,1,0,1,0,0,44,0,31,2.7419354839,3,1,7,1,0,0,0,0,43,1,31
Angel Rangel,Swansea City,English Premier League,Defender,70,73,71,47,82,13,1,0,1,1,0,1,0,0,39,0,18,0.7222222222,0,0,4,6,0,4,0,0,33,0,23
Angelo Obinze Ogbonna,West Ham United,English Premier League,Defender,68,61,67,70,82,5,0,0,4,2,0,1,0,0,31,0,20,2.0,0,0,9,5,0,2,0,0,35,0,28
Anthony Walongwa,FC Nantes,French Ligue 1,Defender,53,27,48,53,65,15,0,0,0,1,0,1,0,0,4,0,3,1.6666666666999999,0,0,0,0,0,0,0,0,2,0,1
Antonio Rudiger,Chelsea,English Premier League,Defender,70,59,65,75,79,14,0,2,9,7,1,2,0,0,25,0,26,2.9615384614999996,2,0,8,4,0,0,0,0,30,0,30
Antonio Rukavina,Villarreal CF,Spanish Primera Division,Defender,73,65,70,76,80,6,0,0,1,2,0,0,0,0,2,0,4,2.75,0,0,7,5,0,0,0,0,19,0,18
Archimede Morleo,Bari,Italian Serie B,Defender,70,66,68,63,72,12,0,0,0,0,0,0,0,0,0,0,1,3.0,0,0,1,0,0,3,0,0,3,0,5
Arlind Ajeti,Crotone,Italian Serie A,Defender,54,42,52,70,67,11,1,0,0,0,0,1,0,0,8,1,4,1.25,1,0,4,5,1,1,0,0,28,0,16
Arnold Bouka Moutou,Dijon FCO,French Ligue 1,Defender,69,67,58,69,68,16,0,0,1,3,0,0,0,0,20,0,10,0.9,2,0,4,2,0,4,0,0,23,1,23
Ashley Williams,Everton,English Premier League,Defender,71,57,74,67,82,7,1,3,13,7,1,0,0,0,41,0,36,3.0277777778,2,2,9,8,0,0,0,0,50,0,36
Aymen Abdennour,Olympique de Marseille,French Ligue 1,Defender,58,48,62,64,75,12,0,0,1,4,0,2,0,0,24,0,13,0.8461538462,0,0,3,4,0,2,0,0,24,0,21
Aymeric Laporte,Athletic Club de Bilbao,Spanish Primera Division,Defender,73,55,78,70,85,10,2,0,9,10,0,2,0,0,39,0,33,2.6363636364,3,1,7,8,1,1,0,0,35,1,26
Aytac Sulu,SV Darmstadt 98,German 2. Bundesliga,Defender,55,51,63,73,72,7,2,0,2,7,0,0,0,0,55,1,28,1.25,7,0,8,6,0,0,0,0,50,2,33
Bakary Kone,RC Strasbourg,French Ligue 1,Defender,61,41,62,61,74,14,0,0,1,2,0,1,0,0,10,0,7,1.7142857143,0,0,1,1,0,0,0,0,11,0,6
Bastian Oczipka,FC Schalke 04,German Bundesliga,Defender,74,73,73,75,75,12,1,4,10,5,0,2,0,0,40,0,33,3.0909090909,0,0,6,7,0,0,0,0,47,0,30
Ben Davies,Tottenham Hotspur,English Premier League,Defender,77,73,68,74,77,11,1,3,8,1,0,1,0,0,14,0,23,3.9130434782999997,0,2,5,3,0,0,0,0,20,0,17
Benedikt Howedes,Juventus,Italian Serie A,Defender,73,60,64,65,83,14,1,1,8,7,0,0,0,0,36,0,31,2.6451612903,1,0,1,4,0,1,0,0,20,0,15
Benjamin Hubner,TSG 1899 Hoffenheim,German Bundesliga,Defender,57,58,49,55,79,16,2,3,8,10,0,6,0,0,25,0,25,3.36,1,0,9,7,0,2,0,0,37,0,30
Benjamin Mendy,Manchester City,English Premier League,Defender,76,76,68,84,76,7,0,5,10,6,1,3,0,0,19,0,25,3.72,1,1,6,7,1,1,0,0,23,0,24
Benoit Assou-Ekotto,FC Metz,French Ligue 1,Defender,73,70,76,70,72,7,0,1,4,1,1,0,0,0,29,0,18,1.9444444444,0,0,9,1,0,1,0,0,20,0,20
Bernardo Espinosa,Girona CF,Spanish Primera Division,Defender,73,40,61,57,74,11,0,0,3,2,0,1,0,0,13,0,11,2.4545454545,1,0,3,6,0,1,0,0,25,0,16
Billy Jones,Sunderland,English Championship,Defender,68,70,66,63,75,6,1,0,5,8,0,3,0,0,50,0,27,1.5185185184999999,1,1,2,8,0,2,0,0,48,0,24
Bostjan Cesar,Chievo Verona,Italian Serie A,Defender,54,54,54,44,80,10,1,0,3,9,0,1,0,0,30,0,17,1.4705882353,1,0,9,10,0,0,0,0,37,0,31
Boukary Drame,Atalanta,Italian Serie A,Defender,68,72,60,84,70,5,0,0,3,1,0,2,0,0,10,0,10,2.8,0,0,6,2,0,3,0,0,32,0,25
Brad Smith,Bournemouth,English Premier League,Defender,62,55,60,85,62,14,0,0,0,1,0,3,0,0,17,0,5,-1.0,0,0,0,2,0,0,0,0,7,0,4
Branislav Ivanovic,Zenit St. Petersburg,Russian Premier League,Defender,71,58,74,61,79,15,0,0,1,2,0,0,0,0,12,0,13,2.0,2,2,8,5,0,2,0,0,46,0,33
Brendan Galloway,Sunderland,English Championship,Defender,69,49,55,80,60,6,0,0,1,0,0,1,0,0,3,0,3,3.0,0,1,2,2,0,4,0,0,24,0,15
Brou Angoua,New England Revolution,USA Major League Soccer,Defender,64,37,59,40,66,8,0,1,0,0,0,1,0,0,11,0,7,1.7142857143,1,0,2,4,0,0,0,0,30,0,18
Bruno Peres,Roma,Italian Serie A,Defender,76,80,66,92,74,7,2,2,7,3,0,8,0,0,28,0,30,3.2,3,4,5,9,0,6,0,0,45,1,31
Bryan Oviedo,Sunderland,English Championship,Defender,68,75,64,72,69,11,0,0,3,4,0,3,0,0,31,0,16,1.375,0,1,3,0,0,4,0,0,22,0,14
Calum Chambers,Arsenal,English Premier League,Defender,73,67,65,67,72,11,2,1,7,4,0,0,0,0,37,0,25,2.72,0,0,2,2,0,0,0,0,9,1,12
Carl Jenkinson,Birmingham City,English Championship,Defender,69,68,64,74,70,12,0,0,0,0,0,1,0,0,1,0,1,2.0,2,0,0,3,1,2,0,0,28,1,20
Carl Medjani,Medicana Sivasspor,Turkish Super Lig,Defender,68,59,68,64,68,14,0,0,1,2,0,1,0,0,18,0,8,0.75,1,0,3,1,0,0,0,0,25,0,14
Carles Planas,Girona CF,Spanish Primera Division,Defender,70,63,58,75,75,15,0,0,3,3,0,2,0,0,14,0,12,2.25,0,2,4,4,0,3,0,0,43,0,26
Carlos Martinez,Real Sociedad,Spanish Primera Division,Defender,73,64,71,66,78,11,0,2,3,2,0,1,0,0,13,0,10,3.1,0,2,1,2,0,1,0,0,12,0,10
Cesare Bovo,Pescara,Italian Serie B,Defender,66,58,70,55,76,9,0,0,3,6,0,0,0,0,20,0,14,1.7857142857,2,0,4,10,0,1,0,0,28,0,21
Chaker Alhadhur,La Berrichonne de Chateauroux,French Ligue 2,Defender,66,57,55,67,67,11,0,0,0,0,0,0,0,0,2,0,1,0.0,0,0,1,2,0,1,0,0,15,0,10
Charlie Daniels,Bournemouth,English Premier League,Defender,73,74,69,75,71,14,4,3,10,1,0,0,0,0,53,0,34,3.1470588235,3,5,7,2,0,1,0,0,64,0,37
Cheikh M'Bengue,AS Saint-Etienne,French Ligue 1,Defender,70,63,65,70,72,16,0,1,5,3,0,4,0,0,17,0,15,2.8666666667,1,0,3,2,0,2,0,0,29,0,23
Chris Smalling,Manchester United,English Premier League,Defender,66,59,63,75,79,10,1,1,4,0,0,1,0,0,16,0,18,3.2222222222,0,1,17,8,0,0,0,0,31,1,35
Christian Fuchs,Leicester City,English Premier League,Defender,76,70,75,62,76,14,2,4,8,10,0,2,0,0,57,0,36,2.4166666667,0,4,15,4,0,1,0,0,23,0,32
Christian Maggio,Napoli,Italian Serie A,Defender,74,70,72,75,67,9,0,0,3,0,0,1,0,0,3,0,7,3.7142857143,0,0,1,0,0,0,0,0,11,0,8
Christoph Janker,FC Augsburg,German Bundesliga,Defender,54,42,41,52,62,10,0,0,3,4,0,0,0,0,22,0,15,1.8,0,0,0,2,0,2,0,0,15,0,11
Claud Adjapong,Sassuolo,Italian Serie A,Defender,62,73,57,69,66,13,1,0,0,3,0,3,0,0,19,0,9,0.8888888889,0,0,0,0,0,0,0,0,4,0,2
Coke,FC Schalke 04,German Bundesliga,Defender,76,72,66,75,77,10,1,0,0,1,0,2,0,0,10,0,8,2.125,1,1,3,3,1,3,0,0,30,0,21
Craig Cathcart,Watford,English Premier League,Defender,71,47,61,61,68,8,0,1,2,3,0,2,0,0,24,0,15,1.6666666666999999,1,0,10,3,0,1,0,0,48,1,35
Craig Dawson,West Bromwich Albion,English Premier League,Defender,65,55,60,67,74,7,4,0,6,10,0,2,0,0,50,0,37,2.4054054054,4,0,10,3,0,1,0,0,48,1,38
Cristian Ansaldi,Torino,Italian Serie A,Defender,77,80,76,83,75,15,0,1,2,8,0,7,0,0,27,0,21,1.7142857143,0,4,7,4,0,3,0,0,28,0,24
Cristian Molinaro,Torino,Italian Serie A,Defender,70,69,61,74,75,9,0,2,0,2,0,2,0,0,21,0,10,1.3,1,0,4,4,0,7,0,0,36,0,27
Cristian Zapata,Milan,Italian Serie A,Defender,50,55,58,68,80,3,1,0,3,0,0,0,0,0,18,0,15,2.6,1,0,2,3,0,1,0,0,24,0,16
Cristiano Biraghi,Fiorentina,Italian Serie A,Defender,63,61,59,81,77,12,1,3,3,11,0,4,0,1,75,0,35,1.1142857143,0,1,4,8,0,3,0,0,56,0,32
Cristiano Piccini,Sporting CP,Portuguese Primeira Liga,Defender,71,75,59,75,77,8,2,3,4,6,1,4,0,0,31,0,23,2.652173913,0,0,3,4,0,2,0,0,20,0,16
Cuco Martina,Everton,English Premier League,Defender,62,62,60,72,70,13,0,0,1,0,0,2,0,0,6,0,9,2.7777777778,1,2,1,1,0,1,0,0,18,0,15
Daley Blind,Manchester United,English Premier League,Defender,81,73,80,58,82,12,1,2,8,2,0,2,0,0,18,0,23,3.6086956522,1,2,12,2,0,3,0,0,35,0,35
Damien Delaney,Crystal Palace,English Premier League,Defender,50,28,55,31,71,6,0,2,2,8,0,2,0,0,46,0,30,1.4,2,2,5,2,0,0,0,0,46,2,32
Damien da Silva,SM Caen,French Ligue 1,Defender,69,42,51,66,78,6,0,1,9,4,1,1,0,0,62,0,36,1.9166666666999999,2,0,8,4,1,2,0,0,37,0,28
Dani Alves,Paris Saint-Germain,French Ligue 1,Defender,83,84,77,84,81,5,2,2,4,5,0,4,0,0,15,0,19,3.4736842105,0,4,9,6,0,7,0,0,22,0,29
Daniel Carrico,Sevilla FC,Spanish Primera Division,Defender,78,58,79,59,82,14,0,0,0,2,0,2,0,0,11,0,6,0.8333333333,1,1,4,3,0,1,0,0,20,0,14
Daniel Congre,Montpellier Herault SC,French Ligue 1,Defender,70,65,69,62,73,11,1,0,5,2,1,2,0,0,38,0,24,1.9166666666999999,2,0,8,2,1,0,0,0,45,0,36
Daniel Pavlovic,Crotone,Italian Serie A,Defender,73,66,70,68,66,15,0,0,1,2,0,1,0,0,16,0,9,1.2222222222,0,5,5,6,0,3,0,0,41,0,22
Daniel Wass,RC Celta de Vigo,Spanish Primera Division,Defender,82,80,77,76,74,11,3,4,3,4,0,17,0,0,62,2,32,1.84375,2,5,5,3,0,15,0,0,55,0,36
Daniele Bonera,Villarreal CF,Spanish Primera Division,Defender,56,41,61,33,81,3,0,0,3,2,0,0,0,0,5,0,6,3.3333333332999997,0,0,3,4,0,2,0,0,19,0,14
Daniele Gastaldello,Brescia,Italian Serie B,Defender,56,54,66,45,82,6,0,1,5,12,1,5,0,0,36,0,25,1.76,1,2,10,8,0,4,0,0,25,0,25
Daniele Rugani,Juventus,Italian Serie A,Defender,65,64,59,66,84,5,2,0,8,4,0,1,0,0,6,0,15,4.5333333333,0,0,6,2,0,0,0,0,8,0,17
Danilo D'Ambrosio,Inter,Italian Serie A,Defender,66,70,61,75,74,9,3,3,7,5,0,2,0,0,40,0,32,3.0625,2,0,5,4,0,1,0,0,20,0,20
Danny Da Costa,Eintracht Frankfurt,German Bundesliga,Defender,68,72,67,78,60,15,0,1,0,0,0,1,0,0,5,0,3,1.6666666666999999,0,4,4,4,0,2,0,0,29,0,20
Danny Rose,Tottenham Hotspur,English Premier League,Defender,76,79,66,81,81,10,2,2,7,8,0,3,0,0,12,0,18,4.0,1,3,8,7,0,3,0,0,20,0,24
Danny Simpson,Leicester City,English Premier League,Defender,64,64,60,68,77,10,0,2,9,12,0,3,0,0,55,0,35,2.0,0,0,13,4,0,3,0,0,22,0,30
Dante,OGC Nice,French Ligue 1,Defender,74,58,75,45,80,14,0,3,10,5,0,0,0,0,32,0,33,3.0606060606,1,0,7,6,0,0,0,0,28,0,24
Dario Dainelli,Chievo Verona,Italian Serie A,Defender,56,50,66,34,85,6,0,0,6,8,0,1,0,0,41,1,26,1.6923076923,1,0,6,5,0,2,0,0,23,0,18
Daryl Janmaat,Watford,English Premier League,Defender,70,74,68,75,73,15,2,1,1,2,0,6,0,0,48,0,27,1.5185185184999999,2,4,3,6,0,3,0,0,62,0,32
David Abraham,Eintracht Frankfurt,German Bundesliga,Defender,73,44,75,83,74,6,1,3,11,5,1,1,0,0,34,0,30,3.1666666667000003,0,0,7,8,0,3,0,0,45,0,31
David Alaba,FC Bayern Munich,German Bundesliga,Defender,83,79,80,86,85,5,4,4,14,1,0,5,0,0,21,0,32,4.59375,1,0,15,2,0,1,0,0,14,0,30
David Junca,SD Eibar,Spanish Primera Division,Defender,65,64,61,79,74,10,0,2,2,1,0,0,0,0,11,1,9,2.5555555556,0,4,2,8,0,2,0,0,54,1,31
David Simon,UD Las Palmas,Spanish Primera Division,Defender,79,70,63,80,69,15,0,1,2,3,0,1,0,0,33,0,16,1.1875,1,2,6,7,0,1,0,0,41,1,27
Davide Astori,Fiorentina,Italian Serie A,Defender,68,56,68,69,86,4,3,0,11,10,0,0,0,0,48,0,33,2.6969696969999997,0,0,12,6,0,0,0,0,35,0,33
Davide Calabria,Milan,Italian Serie A,Defender,72,71,68,77,70,8,0,1,4,3,0,2,0,0,16,0,12,2.5833333333,0,0,1,4,0,1,0,0,8,0,6
Davide Santon,Inter,Italian Serie A,Defender,73,74,69,78,73,15,0,1,2,1,0,3,0,0,14,0,14,2.5,0,1,5,2,0,3,0,0,11,0,11
Dejan Lovren,Liverpool,English Premier League,Defender,68,63,66,55,82,14,2,1,11,6,0,2,0,0,31,0,29,3.3103448276,0,0,8,2,0,3,0,0,31,0,24
Dennis Aogo,VfB Stuttgart,German Bundesliga,Defender,75,74,73,68,74,7,0,1,0,1,0,2,0,0,6,0,7,2.1428571429,0,1,4,4,0,0,0,0,36,0,23
Dennis Diekmeier,Hamburger SV,German Bundesliga,Defender,69,66,64,88,64,6,0,1,6,6,0,7,0,0,36,0,24,2.0833333333,0,0,6,1,0,0,0,0,30,0,22
Diego Contento,Girondins de Bordeaux,French Ligue 1,Defender,70,70,66,71,70,11,0,1,6,2,0,2,0,0,29,2,25,2.36,2,0,6,3,0,1,0,0,35,0,25
Diego Godin,Atletico Madrid,Spanish Primera Division,Defender,79,53,70,70,88,6,3,1,16,11,0,0,0,0,22,0,31,4.064516128999999,1,1,20,7,0,2,0,0,11,0,31
Diego Gonzalez,Malaga CF,Spanish Primera Division,Defender,65,48,67,69,67,7,0,0,0,0,0,0,0,0,9,0,3,-1.0,1,0,0,0,0,0,0,0,7,0,2
Diego Llorente,Real Sociedad,Spanish Primera Division,Defender,78,51,69,62,82,8,2,0,6,2,1,2,0,0,31,0,25,2.64,2,0,6,10,1,2,0,0,55,1,33
Dimitri Foulquier,RC Strasbourg,French Ligue 1,Defender,67,76,59,80,70,11,0,2,2,4,0,1,0,0,45,0,22,1.2727272726999999,1,1,0,4,0,2,0,0,43,0,21
Djibril Sidibe,AS Monaco,French Ligue 1,Defender,76,76,70,82,76,10,2,5,12,7,0,3,0,0,26,0,29,3.8965517241,4,3,18,3,0,0,0,0,26,0,37
Dodo,Sampdoria,Italian Serie A,Defender,75,76,66,79,59,15,0,0,0,0,0,6,0,0,18,0,7,0.0,0,1,4,4,0,5,0,0,29,0,17
Dominic Maroh,1. FC Koln,German Bundesliga,Defender,52,38,48,51,71,9,0,0,2,3,0,4,0,0,18,1,12,1.3333333333,2,1,4,7,0,0,0,0,29,0,25
Dominique Heintz,1. FC Koln,German Bundesliga,Defender,75,46,70,68,76,14,0,0,8,7,0,2,0,0,40,0,32,2.25,2,0,8,4,0,2,0,0,41,0,33
Donald Love,Sunderland,English Championship,Defender,55,56,53,72,62,8,0,1,0,1,0,1,0,0,20,0,12,1.1666666667,0,0,0,0,0,0,0,0,2,0,1
Dorian Leveque,PAOK Thessaloniki,Greek Super League,Defender,70,57,59,69,72,14,0,0,0,1,0,1,0,0,5,0,2,0.0,1,0,5,1,0,1,0,0,16,0,14
Dusan Basta,Lazio,Italian Serie A,Defender,76,76,74,76,82,12,1,2,3,2,0,7,0,0,36,0,27,2.3333333333,0,0,5,1,0,3,0,0,32,1,23
Edoardo Goldaniga,Sassuolo,Italian Serie A,Defender,55,48,56,64,70,9,2,1,2,11,1,4,0,0,59,1,28,0.9285714286,2,0,1,5,0,2,0,0,31,0,17
Eliaquim Mangala,Manchester City,English Premier League,Defender,60,46,58,73,73,10,2,0,6,11,1,1,0,0,50,0,30,1.8,0,0,9,8,0,2,0,0,23,1,23
Emanuele Terranova,Frosinone,Italian Serie B,Defender,54,43,53,69,67,4,0,0,0,0,0,1,0,0,9,0,3,-0.3333333333,0,0,0,1,0,1,0,0,6,0,6
Emerson,Roma,Italian Serie A,Defender,74,76,66,79,75,8,0,1,7,1,0,4,0,0,23,0,25,3.04,1,0,0,1,0,1,0,0,10,0,8
Emil Krafth,Bologna,Italian Serie A,Defender,68,68,62,77,70,8,0,0,2,1,2,4,0,0,35,0,26,1.4615384615,0,0,1,0,0,1,0,0,2,0,4
Emiliano Moretti,Torino,Italian Serie A,Defender,59,49,56,38,84,9,1,3,2,5,0,1,0,0,44,0,23,1.7826086957,1,1,6,4,0,0,0,0,50,0,35
Eric Bailly,Manchester United,English Premier League,Defender,72,63,56,80,85,14,0,0,12,4,0,3,0,0,19,0,25,3.52,0,0,6,10,0,6,0,0,28,0,25
Erick Pulgar,Bologna,Italian Serie A,Defender,76,72,72,67,68,12,1,1,3,6,1,4,0,0,40,0,25,1.48,0,0,1,2,0,1,0,0,19,0,13
Erik Durm,Borussia Dortmund,German Bundesliga,Defender,72,64,51,83,76,12,0,2,4,1,0,2,0,0,14,0,13,3.0769230769,1,1,5,2,0,3,0,0,10,0,14
Erik Pieters,Stoke City,English Premier League,Defender,75,64,60,69,77,16,0,1,10,4,0,0,0,0,52,0,36,2.3333333333,0,1,10,10,0,3,0,0,46,0,35
Ermin Bicakcic,TSG 1899 Hoffenheim,German Bundesliga,Defender,63,35,59,60,74,11,1,0,4,4,0,3,0,0,23,0,18,2.1111111111,0,0,2,3,0,2,0,0,35,0,21
Ermir Lenjani,FC Sion,Swiss Super League,Defender,69,67,62,80,63,8,0,0,0,0,0,0,0,0,1,0,2,2.0,1,1,4,2,1,1,0,0,32,0,21
Ervin Zukanovic,Genoa,Italian Serie A,Defender,66,50,66,66,73,15,0,0,3,1,0,2,0,0,24,0,19,2.1578947368,3,1,1,7,1,4,0,0,38,1,25
Ezequiel Munoz,CD Leganes,Spanish Primera Division,Defender,58,38,55,54,69,11,0,0,4,3,0,3,0,0,48,1,30,1.5,0,0,7,7,0,3,0,0,17,0,18
Fabian Holland,SV Darmstadt 98,German 2. Bundesliga,Defender,64,63,62,73,63,11,0,0,3,2,0,4,0,0,48,1,26,1.2692307692,0,0,4,5,0,3,0,0,28,0,17
Fabian Johnson,Borussia Monchengladbach,German Bundesliga,Defender,79,79,72,89,65,7,3,2,3,1,0,6,0,0,30,0,21,2.6666666667,6,4,4,2,0,6,0,0,35,0,26
Fabian Schar,RC Deportivo de La Coruna,Spanish Primera Division,Defender,74,65,74,52,73,8,0,0,0,2,0,2,0,0,10,0,6,0.6666666667,1,0,3,3,0,4,0,0,41,1,24
Fabinho,AS Monaco,French Ligue 1,Defender,82,75,74,75,83,13,9,2,16,8,0,1,0,0,31,0,37,4.5135135135,6,4,13,9,0,0,0,0,42,0,34
Fabio Coentrao,Sporting CP,Portuguese Primeira Liga,Defender,75,81,69,73,80,7,0,1,1,0,0,1,0,0,2,0,3,4.3333333333,3,2,4,4,0,5,0,0,18,0,15
Fabrizio Cacciatore,Chievo Verona,Italian Serie A,Defender,65,61,65,76,74,5,1,2,6,6,1,2,0,0,47,0,29,2.0689655172,1,3,10,6,0,1,0,0,32,0,29
Facundo Roncaglia,RC Celta de Vigo,Spanish Primera Division,Defender,69,59,81,70,80,15,2,0,5,8,0,1,0,0,57,0,32,1.6875,1,0,9,9,0,4,0,0,35,0,30
Fallou Diagne,FC Metz,French Ligue 1,Defender,67,65,65,67,73,11,0,0,3,3,1,4,0,0,32,0,14,-0.2916666667,5,0,3,7,0,2,0,0,33,1,22
Faouzi Ghoulam,Napoli,Italian Serie A,Defender,76,76,72,84,75,12,0,6,8,1,0,0,0,0,34,0,29,3.1379310344999998,0,3,13,3,0,2,0,0,27,0,34
Federico Fazio,Roma,Italian Serie A,Defender,64,48,62,30,83,8,2,1,12,3,0,3,0,0,36,0,37,3.2702702702999997,0,0,0,1,0,0,0,0,6,0,4
Federico Fernandez,Swansea City,English Premier League,Defender,70,39,56,48,82,12,0,2,6,7,0,0,0,0,41,0,27,2.1111111111,1,1,8,3,0,0,0,0,44,2,32
Federico Peluso,Sassuolo,Italian Serie A,Defender,62,59,62,66,82,9,2,1,7,12,0,0,0,0,54,0,34,2.0294117647,1,1,8,11,0,1,0,0,39,0,34
Federico Ricca,Malaga CF,Spanish Primera Division,Defender,69,52,56,72,73,13,0,0,6,6,0,5,0,0,28,0,21,2.1904761905,1,1,0,3,0,1,0,0,7,0,8
Fernando Navarro,RC Deportivo de La Coruna,Spanish Primera Division,Defender,69,64,65,60,77,7,0,0,6,6,0,1,0,0,42,0,25,1.68,0,2,5,5,0,8,0,0,58,0,36
Filip Helander,Bologna,Italian Serie A,Defender,50,48,48,52,76,15,1,0,1,3,0,1,0,0,15,0,11,1.9090909091,2,0,1,4,0,2,0,0,43,0,24
Filip Mladenovic,Standard de Liege,Belgian First Division A,Defender,68,66,49,73,69,15,0,0,0,0,0,0,0,0,1,0,2,2.0,0,2,1,1,0,6,0,0,20,0,14
Filipe Luis,Atletico Madrid,Spanish Primera Division,Defender,78,77,77,82,82,11,3,6,16,5,0,3,0,0,23,0,34,4.6176470588,1,4,19,10,1,0,0,0,17,0,32
Florentin Pogba,AS Saint-Etienne,French Ligue 1,Defender,67,54,58,69,77,8,1,1,6,1,0,1,0,0,18,0,17,3.4117647058999996,0,1,7,1,0,2,0,0,29,0,24
Francois Bellugou,ES Troyes AC,French Ligue 1,Defender,70,64,64,37,72,6,0,0,2,5,1,10,0,0,41,0,26,1.0384615385,0,1,5,6,1,10,0,0,49,0,33
Francois Moubandje,Toulouse FC,French Ligue 1,Defender,71,70,67,71,74,15,0,1,11,4,0,2,0,0,33,0,34,3.0,0,0,5,5,0,0,0,0,33,0,23
Frederic Guilbert,SM Caen,French Ligue 1,Defender,70,65,61,69,73,8,0,1,4,4,0,5,0,0,39,0,26,1.9615384615,0,0,7,3,0,2,0,0,48,1,30
Gabriel Paletta,Milan,Italian Serie A,Defender,55,55,61,53,84,10,2,1,10,6,2,0,0,0,35,1,30,2.7666666667000004,1,0,5,6,2,1,0,0,33,0,24
Gabriel Paulista,Valencia CF,Spanish Primera Division,Defender,69,60,69,69,81,15,0,0,5,6,0,2,0,0,25,0,19,1.9473684211000002,1,0,10,4,1,0,0,0,18,0,21
Gael Clichy,Istanbul Basaksehir FK,Turkish Super Lig,Defender,66,71,69,81,76,10,1,0,8,2,0,3,0,0,26,0,25,3.0,0,1,5,0,0,2,0,0,13,0,14
Gaetan Bussmann,1. FSV Mainz 05,German Bundesliga,Defender,62,61,61,74,77,15,0,1,3,1,1,1,0,0,22,0,14,1.8571428571000002,1,0,4,3,0,0,0,0,13,0,13
Gareth McAuley,West Bromwich Albion,English Premier League,Defender,53,27,50,31,77,6,6,1,6,5,0,3,0,0,46,1,36,2.9166666667000003,1,0,10,4,1,0,0,0,41,1,34
Gary Cahill,Chelsea,English Premier League,Defender,65,58,61,63,83,5,6,0,15,5,0,1,0,0,30,1,37,4.0,2,1,2,2,0,0,0,0,39,1,23
Gaston Silva,Independiente,Argentinian Superliga,Defender,66,65,59,72,75,7,0,0,1,6,0,2,0,0,49,0,22,0.5,0,1,0,3,0,4,0,0,21,0,12
Geoff Cameron,Stoke City,English Premier League,Defender,73,69,66,63,78,7,0,1,6,1,0,0,0,0,29,0,19,2.4736842105,0,0,4,0,1,5,0,0,42,0,30
Georg Niedermeier,SC Freiburg,German Bundesliga,Defender,35,28,36,34,56,12,1,0,0,0,0,0,0,0,9,0,7,1.8571428571000002,3,1,2,5,0,1,0,0,36,2,18
German Pezzella,Fiorentina,Italian Serie A,Defender,60,47,54,47,79,7,1,0,7,10,0,3,0,0,60,0,36,1.8333333333000001,3,1,6,8,0,1,0,0,41,0,25
Giancarlo Gonzalez,Bologna,Italian Serie A,Defender,60,59,60,69,77,9,1,0,0,7,1,1,0,0,41,0,20,0.65,2,0,9,12,0,1,0,0,59,1,35
Giorgio Chiellini,Juventus,Italian Serie A,Defender,59,58,59,78,88,3,2,2,8,4,0,4,0,0,14,0,21,4.0952380952,1,0,9,5,0,4,0,0,15,0,24
Giulio Donati,1. FSV Mainz 05,German Bundesliga,Defender,68,65,71,76,75,16,0,0,5,4,0,3,0,0,53,0,32,1.6875,0,2,6,8,1,4,0,0,21,0,23
Giuseppe Pezzella,Udinese,Italian Serie A,Defender,57,65,45,58,63,11,0,0,1,1,0,1,0,0,25,0,10,0.6,0,0,1,0,0,2,0,0,21,0,9
Glen Johnson,Stoke City,English Premier League,Defender,75,78,70,69,68,13,0,0,6,1,0,0,0,0,35,0,23,2.1739130435,0,3,9,1,0,2,0,0,30,0,25
Gojko Kacar,FC Augsburg,German Bundesliga,Defender,74,62,67,45,74,6,0,1,1,1,0,6,0,0,34,0,22,1.3636363636000002,1,0,4,3,0,5,0,0,22,0,19
Gonzalo Escalante,SD Eibar,Spanish Primera Division,Defender,75,70,66,68,80,10,2,1,3,9,1,9,0,0,42,0,30,1.8666666666999998,3,1,6,15,0,9,0,0,56,0,34
Gonzalo Rodriguez,San Lorenzo de Almagro,Argentinian Superliga,Defender,70,62,74,70,83,12,1,0,8,7,1,3,0,0,34,0,26,2.5,4,0,13,8,0,1,0,0,39,0,35
Gotoku Sakai,Hamburger SV,German Bundesliga,Defender,72,69,69,75,69,7,1,2,5,7,0,0,0,0,64,0,34,1.6176470588,0,1,4,2,0,1,0,0,30,0,22
Guglielmo Stendardo,Pescara,Italian Serie B,Defender,48,30,52,34,75,11,0,0,1,1,0,2,0,0,27,0,10,0.5,1,0,4,3,0,1,0,0,14,0,15
Gustavo Cabral,RC Celta de Vigo,Spanish Primera Division,Defender,74,49,59,42,80,11,2,1,3,6,0,2,0,0,54,0,25,1.52,0,0,9,11,1,1,0,0,38,0,31
Hector,Deportivo Alaves,Spanish Primera Division,Defender,66,72,56,79,68,13,0,2,1,2,0,6,0,0,26,0,17,1.8235294118,0,1,1,1,0,1,0,0,18,0,13
Hector Bellerin,Arsenal,English Premier League,Defender,75,76,59,94,78,8,1,4,10,4,0,1,0,0,39,0,33,3.0,1,7,18,3,0,0,0,0,33,0,36
Henri Bedimo,Olympique de Marseille,French Ligue 1,Defender,70,67,66,68,70,9,0,0,5,2,0,2,0,0,16,0,16,2.8125,0,0,4,0,0,3,0,0,23,0,18
Hiroki Sakai,Olympique de Marseille,French Ligue 1,Defender,66,64,62,77,74,13,0,2,15,5,0,2,0,0,40,0,35,3.1714285714,1,0,1,1,0,0,0,0,51,0,26
Holger Badstuber,VfB Stuttgart,German Bundesliga,Defender,75,44,77,49,80,11,0,0,2,1,0,2,0,0,14,0,11,2.0909090909,0,0,3,0,0,1,0,0,1,0,7
Hugo Mallo,RC Celta de Vigo,Spanish Primera Division,Defender,70,69,68,75,80,14,2,1,4,8,1,0,0,0,44,0,23,1.6956521739,1,4,9,8,0,2,0,0,55,0,34
Iago Falque,Torino,Italian Serie A,Defender,80,84,72,79,26,15,12,7,1,2,0,16,0,1,61,0,35,3.5142857143,2,2,1,1,0,10,0,0,23,0,22
Inigo Martinez,Real Sociedad,Spanish Primera Division,Defender,74,53,77,72,82,12,3,2,9,10,0,1,0,0,49,1,34,2.5882352941,1,0,10,7,0,0,0,0,39,0,30
Ismael Diomande,SM Caen,French Ligue 1,Defender,75,69,67,70,73,16,0,0,2,3,0,2,0,0,18,0,12,1.5,0,0,1,2,0,4,0,0,15,0,13
Ismael Traore,Angers SCO,French Ligue 1,Defender,67,35,65,60,75,6,1,1,6,3,0,3,0,0,44,1,32,2.25,1,0,15,2,1,1,0,0,34,0,34
Issa Cissokho,Amiens SC Football,French Ligue 1,Defender,65,69,69,70,70,12,0,2,4,2,1,1,0,0,17,0,13,1.3846153846,0,1,1,1,0,1,0,0,18,0,13
Issa Diop,Toulouse FC,French Ligue 1,Defender,64,39,59,60,75,10,2,2,9,9,0,0,0,0,31,0,30,3.1,1,0,8,4,1,0,0,0,24,0,21
Ivan Ramis,SD Eibar,Spanish Primera Division,Defender,72,53,75,38,81,7,3,0,2,6,0,6,0,0,26,0,22,2.6363636364,0,1,4,7,1,3,0,0,35,0,23
Ivan Strinic,Sampdoria,Italian Serie A,Defender,71,71,66,75,75,10,0,2,4,3,0,4,0,0,9,0,12,3.5,0,0,1,0,0,1,0,0,5,0,5
James Collins,West Ham United,English Premier League,Defender,59,38,65,32,76,15,2,0,6,3,0,1,0,0,37,0,22,2.3181818182,0,0,5,3,1,1,0,0,18,0,19
James Tomkins,Crystal Palace,English Premier League,Defender,63,50,60,52,74,11,3,0,3,4,0,5,0,0,37,0,24,2.375,0,0,8,3,0,6,0,0,31,0,25
Jan Vertonghen,Tottenham Hotspur,English Premier League,Defender,79,69,74,66,86,6,0,0,13,5,0,3,0,0,21,0,33,3.4545454545,0,0,9,5,0,1,0,0,29,1,29
Jannik Vestergaard,Borussia Monchengladbach,German Bundesliga,Defender,69,49,80,46,79,16,4,1,8,1,0,1,0,0,49,0,34,2.8235294118,2,0,2,2,0,0,0,0,64,0,33
Jaume Costa,Villarreal CF,Spanish Primera Division,Defender,78,69,65,84,78,10,1,3,12,13,0,1,0,0,29,0,31,3.2580645161,1,1,7,8,0,1,0,0,15,0,18
Javi Martinez,FC Bayern Munich,German Bundesliga,Defender,75,62,74,50,86,5,1,1,13,5,0,4,0,0,10,0,25,4.36,1,1,5,2,0,1,0,0,9,0,16
Jeffrey Gouweleeuw,FC Augsburg,German Bundesliga,Defender,67,60,76,76,82,13,2,1,5,4,0,2,0,0,25,0,19,2.9473684211,0,0,4,2,1,0,0,0,15,0,11
Jeison Murillo,Valencia CF,Spanish Primera Division,Defender,61,58,62,76,78,14,0,1,6,6,0,4,0,0,29,0,27,2.4074074074,2,1,11,6,0,2,0,0,33,1,34
Jemerson,AS Monaco,French Ligue 1,Defender,70,54,60,63,82,7,2,0,15,8,0,0,0,0,29,0,34,3.5294117647000003,0,0,1,2,0,0,0,0,11,0,4
Jens Hegeler,Bristol City,English Championship,Defender,71,69,73,51,69,13,0,0,1,0,0,0,0,0,6,0,6,2.1666666667,0,1,0,1,0,3,0,0,14,0,16
Jeremy Mathieu,Sporting CP,Portuguese Primeira Liga,Defender,69,59,77,76,82,13,1,0,5,0,0,2,0,0,12,1,13,3.3846153846,0,2,2,2,0,4,0,0,19,1,21
Jeremy Morel,Olympique Lyonnais,French Ligue 1,Defender,72,58,67,75,75,12,0,4,7,3,0,3,0,0,34,0,29,2.9310344828,0,1,10,3,0,3,0,0,36,0,31
Jeremy Pied,Southampton,English Premier League,Defender,77,75,75,70,73,13,0,0,0,0,0,0,0,0,3,0,4,1.75,0,3,10,10,0,1,0,0,31,0,34
Jeremy Sorbon,En Avant de Guingamp,French Ligue 1,Defender,66,30,56,37,77,13,1,0,8,1,0,1,0,0,44,0,33,2.5151515152,2,0,13,2,0,1,0,0,44,1,34
Jeremy Toljan,Borussia Dortmund,German Bundesliga,Defender,72,68,60,88,73,10,1,1,3,1,0,3,0,0,25,0,20,2.35,1,0,2,0,0,0,0,0,28,1,18
Jerome Boateng,FC Bayern Munich,German Bundesliga,Defender,75,67,80,78,83,7,0,1,2,1,0,4,0,0,12,0,13,2.6923076923,0,3,4,4,0,8,0,0,11,0,19
Joao Cancelo,Inter,Italian Serie A,Defender,78,82,73,91,69,6,1,4,2,6,0,5,0,0,63,0,36,1.6111111111,1,3,5,6,0,4,0,0,37,0,28
Joel Matip,Liverpool,English Premier League,Defender,77,65,74,73,85,11,1,0,9,3,0,0,0,0,29,0,29,2.9310344828,3,3,8,3,0,0,0,0,49,0,34
Joel Ward,Crystal Palace,English Premier League,Defender,68,64,69,65,77,8,0,1,7,7,0,1,0,0,63,0,38,1.7894736841999999,2,1,6,4,0,1,0,0,42,0,30
Johan Djourou,Antalyaspor,Turkish Super Lig,Defender,29,29,68,72,75,16,0,0,2,6,0,0,0,1,31,0,15,0.7333333333,2,0,6,7,0,1,0,0,33,0,26
Johannes Geis,Sevilla FC,Spanish Primera Division,Defender,77,64,85,43,74,15,0,0,4,4,0,10,0,0,17,0,18,2.5555555556,2,5,7,4,1,9,0,0,39,0,28
John Anthony Brooks,VfL Wolfsburg,German Bundesliga,Defender,71,65,72,78,80,8,2,0,7,5,0,1,0,0,35,0,24,2.625,1,2,9,3,0,0,0,0,23,0,23
John O'Shea,Sunderland,English Championship,Defender,61,46,57,32,75,9,0,1,3,5,0,5,0,0,48,0,28,1.5714285713999998,0,0,1,2,0,3,0,0,42,0,28
John Stones,Manchester City,English Premier League,Defender,80,69,71,71,76,7,0,0,4,1,0,3,0,0,33,0,27,2.1111111111,0,0,8,3,0,2,0,0,51,0,33
John Terry,Aston Villa,English Championship,Defender,66,45,64,34,78,14,1,0,1,1,0,1,0,0,10,0,9,2.5555555556,1,0,6,2,1,3,0,0,38,1,24
Jon Flanagan,Liverpool,English Premier League,Defender,66,67,63,62,68,7,0,0,1,2,0,1,0,0,5,0,6,2.1666666667,0,1,2,1,0,1,0,0,5,0,5
Jonas Hector,1. FC Koln,German Bundesliga,Defender,80,74,75,77,81,9,1,3,10,6,0,0,0,0,39,0,33,2.9696969697,0,4,8,3,0,1,0,0,39,0,32
Jonas Olsson,Djurgardens IF,Swedish Allsvenskan,Defender,62,47,58,50,79,9,0,0,1,3,0,1,0,0,15,0,7,0.8571428570999999,1,1,5,5,0,6,0,0,34,1,28
Jonathan Martins Pereira,En Avant de Guingamp,French Ligue 1,Defender,71,69,67,65,68,11,0,0,2,4,0,2,0,0,19,0,13,1.6153846154,0,4,7,8,0,5,0,0,45,0,27
Jonathan Tah,Bayer 04 Leverkusen,German Bundesliga,Defender,74,55,69,78,80,11,1,1,3,1,0,0,0,0,34,0,19,1.8947368421000002,0,0,13,2,0,1,0,0,31,0,30
Jonjoe Kenny,Everton,English Premier League,Defender,57,50,50,73,55,6,0,0,0,0,0,0,0,0,1,0,1,1.0,0,0,0,0,0,0,0,0,0,0,1
Jonny,RC Celta de Vigo,Spanish Primera Division,Defender,66,65,59,79,76,7,0,3,4,8,0,0,0,0,57,0,30,1.3666666666999998,1,4,8,9,1,4,0,0,58,1,36
Jonny Evans,West Bromwich Albion,English Premier League,Defender,72,39,62,65,81,12,2,1,4,8,0,2,0,0,41,0,31,2.1935483871,1,1,7,4,0,3,0,0,37,0,30
Jordan Adeoti,AJ Auxerre,French Ligue 2,Defender,65,44,67,57,74,9,0,0,5,3,0,2,0,0,51,0,27,1.4444444444,0,0,3,6,0,3,0,0,44,0,32
Jordi Alba,FC Barcelona,Spanish Primera Division,Defender,79,80,70,93,83,13,1,6,6,4,0,2,0,0,27,0,26,3.2692307692,0,6,13,2,0,4,0,0,20,0,31
Jordi Amat,Real Betis Balompie,Spanish Primera Division,Defender,68,50,52,72,71,9,0,0,2,5,0,0,0,0,38,0,17,0.7058823529000001,0,0,0,0,0,1,0,0,6,0,8
Jorge Mere,1. FC Koln,German Bundesliga,Defender,72,37,62,68,79,15,0,0,5,7,1,0,0,0,58,1,31,1.1935483870999999,0,0,3,6,0,2,0,0,39,0,25
Joris Gnagnon,Stade Rennais FC,French Ligue 1,Defender,63,54,47,66,76,11,1,0,8,2,0,3,0,0,29,0,27,2.9629629630000003,0,0,0,1,0,1,0,0,13,0,7
Jose Fonte,West Ham United,English Premier League,Defender,62,58,56,43,81,7,0,0,11,4,0,1,0,0,49,0,33,2.3939393938999998,2,0,11,4,1,3,0,0,40,0,37
Jose Holebas,Watford,English Premier League,Defender,73,73,69,81,68,15,2,4,6,14,0,5,0,0,61,0,33,1.9696969697,0,0,1,2,0,1,0,0,16,0,11
Jose Maria Gimenez,Atletico Madrid,Spanish Primera Division,Defender,68,47,58,72,85,9,0,0,5,5,0,3,0,0,6,0,17,3.3529411765,1,1,15,8,0,0,0,0,16,0,27
Juan Camilo Zuniga,Napoli,Italian Serie A,Defender,74,80,70,84,68,7,1,0,0,1,0,5,0,0,34,0,21,1.0952380952,0,1,0,0,0,1,0,0,13,0,9
Junior Caicara,Istanbul Basaksehir FK,Turkish Super Lig,Defender,75,76,65,78,70,16,0,0,0,1,0,0,0,0,5,0,3,0.3333333333,0,3,4,7,0,5,0,0,36,0,23
Kalidou Koulibaly,Napoli,Italian Serie A,Defender,59,54,48,76,86,7,2,0,11,6,0,1,0,0,23,0,28,3.5357142857,0,0,11,12,0,1,0,0,28,0,33
Karim Rekik,Hertha BSC Berlin,German Bundesliga,Defender,64,55,58,68,64,9,0,0,2,0,0,2,0,0,17,0,10,1.9,1,0,7,4,0,2,0,0,22,1,23
Kevin Malcuit,LOSC Lille,French Ligue 1,Defender,73,79,66,88,71,12,0,3,8,4,2,2,0,0,26,0,25,2.88,0,1,3,3,0,1,0,0,10,0,9
Kevin Theophile-Catherine,AS Saint-Etienne,French Ligue 1,Defender,74,68,69,65,75,9,0,2,12,3,0,0,0,0,34,0,31,3.1290322581,1,1,10,2,0,0,0,0,17,0,22
Kevin Wimmer,Stoke City,English Premier League,Defender,74,63,70,60,78,13,0,0,0,3,0,1,0,0,6,1,5,0.6,0,0,4,2,0,1,0,0,7,0,10
Kieran Gibbs,West Bromwich Albion,English Premier League,Defender,74,74,65,80,78,6,0,1,3,3,0,3,0,0,6,0,11,3.3636363636,1,0,0,0,0,2,0,0,12,0,15
Kieran Trippier,Tottenham Hotspur,English Premier League,Defender,73,75,76,77,74,11,0,5,2,1,0,2,0,0,9,0,12,3.5833333332999997,1,1,1,1,0,0,0,0,5,0,6
Koffi Djidji,FC Nantes,French Ligue 1,Defender,72,59,71,68,74,15,0,0,5,7,0,3,0,0,39,0,28,1.9642857143,0,0,7,3,0,3,0,0,24,0,23
Konstantin Rausch,1. FC Koln,German Bundesliga,Defender,74,72,72,79,73,12,0,2,4,4,0,9,0,0,38,0,28,2.0357142857,2,5,2,7,0,22,0,0,48,0,31
Kostas Manolas,Roma,Italian Serie A,Defender,60,54,61,81,85,8,1,2,7,7,0,7,0,0,32,0,33,2.9090909091,2,2,6,7,0,3,0,0,42,1,38
Kurt Zouma,Stoke City,English Premier League,Defender,62,48,56,71,76,14,0,1,0,0,0,2,0,0,11,0,9,1.5555555556,1,0,8,0,0,1,0,0,30,0,23
Kyle Naughton,Swansea City,English Premier League,Defender,73,64,66,74,73,12,1,0,7,5,0,4,0,0,53,1,31,1.8709677419,0,3,4,2,1,1,0,0,32,0,27
Kyle Walker,Manchester City,English Premier League,Defender,75,77,67,93,78,12,0,6,14,8,0,5,0,0,23,0,33,3.8484848485,1,3,12,7,0,2,0,0,31,1,33
Kyriakos Papadopoulos,Hamburger SV,German Bundesliga,Defender,56,40,50,63,65,11,2,0,5,6,0,1,0,0,17,0,16,3.0625,0,0,3,4,1,1,0,0,18,0,16
Lamine Sane,SV Werder Bremen,German Bundesliga,Defender,70,61,69,67,74,7,1,1,5,3,0,3,0,0,53,0,28,1.8214285713999998,0,0,2,4,1,2,0,0,20,0,13
Laure,AD Alcorcon,Spanish Segunda Division,Defender,67,63,63,72,78,9,0,0,2,0,1,0,0,0,11,0,7,1.4285714286000002,0,0,2,6,0,4,0,0,35,0,23
Laurent Koscielny,Arsenal,English Premier League,Defender,76,62,69,76,86,13,2,0,10,4,1,2,0,0,37,0,33,2.8787878788,4,0,15,3,0,2,0,0,32,0,33
Leighton Baines,Everton,English Premier League,Defender,81,78,74,68,80,8,2,3,11,4,0,3,0,1,34,0,32,3.40625,2,1,4,0,0,0,0,0,27,0,18
Leon Balogun,1. FSV Mainz 05,German Bundesliga,Defender,69,60,64,74,75,6,0,0,1,3,0,3,0,0,32,0,17,1.0,1,0,4,5,0,2,0,0,30,0,21
Leon Guwara,1. FC Kaiserslautern,German 2. Bundesliga,Defender,62,63,51,69,70,14,0,0,1,2,0,0,0,0,28,0,16,1.0,0,0,0,0,0,0,0,0,5,0,1
Leonardo Bonucci,Milan,Italian Serie A,Defender,79,69,85,72,90,2,3,0,11,6,0,1,0,0,25,0,30,3.5,3,1,18,6,0,1,0,0,20,1,36
Lillo,CA Osasuna,Spanish Segunda Division,Defender,65,52,57,69,75,12,0,0,5,7,0,1,0,0,52,0,25,1.2,0,0,2,5,0,1,0,0,16,0,10
Lorenzo De Silvestri,Torino,Italian Serie A,Defender,70,71,66,75,75,15,1,4,1,1,0,4,0,0,34,0,16,2.0,0,2,4,4,0,5,0,0,20,0,17
Lorenzo Tonelli,Napoli,Italian Serie A,Defender,54,54,54,75,82,13,2,0,0,2,0,0,0,0,3,0,3,4.6666666667,2,0,8,9,0,0,0,0,36,0,26
Luca Antei,Benevento Calcio,Italian Serie A,Defender,52,40,55,55,72,14,1,0,4,4,0,0,0,0,28,0,15,1.7333333333,0,1,0,2,0,1,0,0,5,0,5
Luca Antonelli,Milan,Italian Serie A,Defender,72,73,68,78,76,6,0,0,0,1,0,2,0,0,3,0,7,2.5714285714,3,1,9,3,0,0,0,0,30,0,28
Luca Bittante,Carpi,Italian Serie B,Defender,68,68,60,81,60,9,0,0,0,4,0,0,0,0,10,0,5,0.0,0,0,0,0,0,2,0,0,19,0,16
Luca Caldirola,SV Werder Bremen,German Bundesliga,Defender,72,59,67,64,75,9,0,0,1,1,0,1,0,0,12,0,5,1.0,0,1,8,4,0,0,0,0,53,0,34
Luca Rossettini,Genoa,Italian Serie A,Defender,58,50,58,62,76,5,1,0,3,8,0,0,0,0,53,0,30,1.4,3,0,7,5,0,3,0,0,39,0,29
Lucas Digne,FC Barcelona,Spanish Primera Division,Defender,80,73,69,81,77,6,0,0,4,3,0,6,0,0,14,0,17,2.6470588235,3,3,7,4,0,2,0,0,35,0,33
Lucas Hernandez,Atletico Madrid,Spanish Primera Division,Defender,67,46,58,64,76,10,0,1,8,2,0,0,0,0,10,0,15,3.9333333333,0,0,3,0,0,0,0,0,6,0,10
Lucas Orban,Racing Club de Avellaneda,Argentinian Superliga,Defender,67,57,64,70,74,16,0,0,2,4,1,1,0,0,18,1,11,0.9090909091,0,0,2,6,1,2,0,0,18,0,10
Luisinho,RC Deportivo de La Coruna,Spanish Primera Division,Defender,78,77,68,68,77,8,0,2,4,6,0,5,0,0,41,0,26,1.7307692308000002,0,0,3,6,0,4,0,0,27,0,20
Lukas Klunter,1. FC Koln,German Bundesliga,Defender,68,66,55,85,66,10,1,1,3,4,0,0,0,0,11,0,8,3.25,0,0,0,0,0,0,0,0,1,0,1
Luke Shaw,Manchester United,English Premier League,Defender,75,77,64,84,78,10,0,1,3,1,0,5,0,0,9,0,11,3.1818181818,0,1,3,1,0,0,0,0,3,0,5
Mamadou Sakho,Crystal Palace,English Premier League,Defender,73,50,68,67,81,14,0,0,4,0,0,1,0,0,7,0,8,3.625,1,0,5,1,0,2,0,0,31,0,22
Manuel Pasqual,Empoli,Italian Serie B,Defender,77,70,77,68,70,6,2,3,9,7,0,2,0,0,47,0,32,2.78125,0,2,3,5,0,5,0,0,15,0,17
Marc Muniesa,Girona CF,Spanish Primera Division,Defender,72,63,56,64,78,14,1,0,3,2,0,0,0,0,7,0,10,3.5,0,0,0,2,0,1,0,0,29,0,15
Marc Wilson,Sunderland,English Championship,Defender,64,63,67,61,74,13,0,0,0,3,0,3,0,0,8,0,4,0.0,0,0,0,0,0,0,0,0,8,0,4
Marcel Schmelzer,Borussia Dortmund,German Bundesliga,Defender,74,63,66,84,78,14,0,1,3,3,0,6,0,0,31,1,27,2.1481481481,0,4,7,2,0,1,0,0,25,0,26
Marcel Tisserand,VfL Wolfsburg,German Bundesliga,Defender,70,66,72,71,70,13,0,1,4,10,0,2,0,0,50,0,29,3.1607142857,1,0,8,6,0,3,0,0,47,0,33
Marco Andreolli,Cagliari,Italian Serie A,Defender,55,49,55,65,78,12,1,0,0,0,0,1,0,0,8,0,6,2.1666666667,0,0,0,2,0,2,0,0,11,0,6
Marco Russ,Eintracht Frankfurt,German Bundesliga,Defender,69,39,67,32,70,16,0,0,0,1,0,2,0,0,6,0,4,1.25,3,2,6,9,0,2,0,0,40,0,28
Marcos Rojo,Manchester United,English Premier League,Defender,72,67,73,71,80,7,1,0,8,5,0,1,0,0,15,0,21,3.3333333332999997,0,1,5,3,0,6,0,0,13,0,16
Mariano,Olympique Lyonnais,French Ligue 1,Defender,64,71,40,78,33,12,0,2,11,10,0,1,0,0,36,0,31,2.7741935483999995,0,3,8,6,0,1,0,0,26,0,23
Mario Rui,Napoli,Italian Serie A,Defender,73,71,71,84,73,13,0,0,2,1,0,0,0,0,3,0,5,3.2,0,1,12,6,0,0,0,0,45,0,36
Marios Oikonomou,Ferrara (SPAL),Italian Serie A,Defender,56,56,60,64,76,3,0,0,1,1,0,0,0,0,30,0,18,1.2777777778,0,1,3,6,0,0,0,0,31,0,21
Markel Bergara,Getafe CF,Spanish Primera Division,Defender,77,58,76,36,79,11,0,0,0,0,0,1,0,0,9,0,6,1.1666666667,1,0,4,7,0,6,0,0,25,0,20
Markus Suttner,Brighton & Hove Albion,English Premier League,Defender,73,72,65,74,69,10,4,5,1,10,0,4,0,0,51,1,30,2.1666666667,0,0,4,2,0,3,0,0,21,0,18
Marquinhos,Paris Saint-Germain,French Ligue 1,Defender,80,65,78,72,84,6,3,0,12,1,0,0,0,0,23,0,29,3.9310344828,1,0,10,1,0,2,0,0,15,0,29
Martin Caceres,Hellas Verona,Italian Serie A,Defender,65,60,65,74,80,2,0,0,0,0,0,0,0,0,1,0,1,2.0,0,0,1,0,0,2,0,0,3,0,6
Martin Hinteregger,FC Augsburg,German Bundesliga,Defender,63,55,81,71,76,14,3,0,7,5,0,1,0,0,38,0,30,2.8,0,0,1,0,0,1,0,0,15,2,10
Martin Kelly,Crystal Palace,English Premier League,Defender,68,59,64,60,71,7,0,2,2,4,0,10,0,0,53,0,29,1.3448275862,0,0,3,3,0,0,0,0,19,0,13
Martin Olsson,Swansea City,English Premier League,Defender,69,72,66,84,69,11,2,0,4,2,0,2,0,0,19,0,15,3.0,1,2,3,2,0,2,0,0,43,0,24
Marvin Matip,FC Ingolstadt 04,German 2. Bundesliga,Defender,67,46,63,74,77,10,0,0,4,5,0,1,0,0,53,1,33,1.5151515152000001,2,1,10,6,0,0,0,0,40,0,33
Mateo Musacchio,Milan,Italian Serie A,Defender,78,43,70,69,85,5,0,2,9,8,0,1,0,0,22,0,23,3.1304347826,1,0,7,1,0,3,0,0,4,0,13
Mathieu Debuchy,Arsenal,English Premier League,Defender,75,72,73,68,74,8,0,0,0,0,0,1,0,0,1,0,1,2.0,0,0,1,1,0,5,0,0,18,0,11
Mathieu Deplagne,ES Troyes AC,French Ligue 1,Defender,60,30,57,53,75,10,0,0,2,5,0,7,0,0,34,0,19,1.1052631579,0,0,4,6,0,6,0,0,32,0,25
Mathieu Peybernes,Goztepe,Turkish Super Lig,Defender,63,44,59,61,78,13,0,0,7,6,0,3,0,0,53,0,37,1.972972973,0,0,9,3,0,3,0,0,26,0,25
Matias Silvestre,Sampdoria,Italian Serie A,Defender,64,48,68,54,71,3,0,3,6,3,0,0,0,0,53,0,36,2.1944444444,0,0,2,7,0,0,0,0,41,0,25
Matija Nastasic,FC Schalke 04,German Bundesliga,Defender,69,35,67,74,78,11,0,0,6,6,0,0,0,0,25,0,22,2.3636363636,0,0,0,0,0,1,0,0,0,0,1
Mats Hummels,FC Bayern Munich,German Bundesliga,Defender,80,68,85,65,89,15,1,1,9,4,0,3,0,0,16,0,27,3.5925925926,2,2,12,1,0,4,0,0,30,1,30
Matt Targett,Southampton,English Premier League,Defender,64,64,62,78,67,10,0,0,1,0,0,1,0,0,5,0,5,2.6,0,1,6,1,0,5,0,0,12,0,14
Matteo Darmian,Manchester United,English Premier League,Defender,76,74,66,77,79,6,0,0,8,3,0,3,0,0,10,0,18,3.5,1,0,8,8,0,11,0,0,21,0,28
Matthew Pennington,Leeds United,English Championship,Defender,60,46,53,72,59,12,1,0,0,0,0,1,0,0,6,0,3,2.3333333333,0,0,0,1,0,1,0,0,7,0,4
Matthias Ginter,Borussia Monchengladbach,German Bundesliga,Defender,74,61,74,72,78,12,0,1,7,4,0,1,0,0,35,0,29,2.4137931034,3,5,7,0,0,4,0,0,23,0,24
Matthias Ostrzolek,Hannover 96,German Bundesliga,Defender,69,70,64,74,64,12,1,1,6,4,0,3,0,0,34,0,24,2.5,0,2,8,5,0,1,0,0,44,0,32
Matthieu Saunier,Granada CF,Spanish Segunda Division,Defender,70,50,71,55,77,8,0,1,2,4,0,4,0,0,28,1,16,1.375,0,0,3,3,0,3,0,0,60,2,28
Mattia De Sciglio,Juventus,Italian Serie A,Defender,72,74,68,82,72,5,0,2,7,4,0,3,0,0,32,0,25,2.6,0,1,2,3,0,3,0,0,32,0,22
Mauricio Lemos,UD Las Palmas,Spanish Primera Division,Defender,68,68,61,70,80,10,5,0,3,6,0,3,0,0,48,0,23,2.0434782609,0,0,2,5,0,1,0,0,11,0,10
Mauro Dos Santos,CD Leganes,Spanish Primera Division,Defender,68,39,56,64,73,8,0,0,0,1,0,1,0,0,22,0,11,0.8181818181999999,0,1,6,7,0,1,0,0,48,1,30
Maxime Le Marchand,OGC Nice,French Ligue 1,Defender,77,62,78,77,77,13,0,0,1,1,0,1,0,0,11,1,10,1.7,1,0,8,5,1,4,0,0,25,0,26
Maxime Poundje,Girondins de Bordeaux,French Ligue 1,Defender,68,70,60,85,67,7,0,0,2,0,0,1,0,0,10,0,7,2.4285714286,0,1,4,3,0,0,0,0,25,0,14
Maya Yoshida,Southampton,English Premier League,Defender,63,57,52,62,70,12,1,0,7,2,0,0,0,0,32,0,23,2.652173913,1,0,4,0,0,2,0,0,22,0,20
Mehdi Zeffane,Stade Rennais FC,French Ligue 1,Defender,67,65,56,79,68,15,0,0,0,0,0,1,0,0,3,0,1,0.0,1,1,0,1,0,5,0,0,21,0,16
Mergim Mavraj,Hamburger SV,German Bundesliga,Defender,65,29,45,49,69,11,0,0,8,5,0,0,0,0,43,0,30,2.2,0,0,2,1,0,0,0,0,12,0,12
Mexer,Stade Rennais FC,French Ligue 1,Defender,75,59,55,67,78,10,1,1,5,3,0,2,0,0,27,0,23,2.6086956521999998,0,0,2,4,0,4,0,0,25,0,16
Michel Morganella,Palermo,Italian Serie B,Defender,66,69,66,77,69,14,0,0,0,3,0,3,0,0,31,0,11,-0.45454545450000006,0,1,5,4,1,1,0,0,27,0,14
Mickael Le Bihan,OGC Nice,French Ligue 1,Defender,55,70,54,68,56,13,3,0,0,0,0,0,0,0,11,0,10,2.7,1,1,0,0,0,1,0,0,3,0,3
Miguel Britos,Watford,English Premier League,Defender,60,47,64,51,75,12,1,2,5,8,0,3,0,0,38,0,27,2.2962962963,0,0,7,7,0,3,0,0,31,0,24
Miguel Torres,Malaga CF,Spanish Primera Division,Defender,70,57,59,59,79,10,0,0,2,3,0,3,0,0,39,0,22,1.1818181818,0,2,4,9,0,2,0,0,24,0,23
Mikel Gonzalez,Real Zaragoza,Spanish Segunda Division,Defender,63,44,53,33,73,12,0,0,2,2,0,2,0,0,12,0,9,2.1111111111,0,0,7,1,0,2,0,0,25,0,19
Mikel San Jose,Athletic Club de Bilbao,Spanish Primera Division,Defender,83,70,82,47,83,10,4,1,5,9,0,5,0,0,40,0,35,2.6571428571,2,3,8,6,1,4,0,0,36,0,34
Milan Bisevac,FC Metz,French Ligue 1,Defender,70,48,72,62,73,12,0,0,4,4,1,1,0,0,43,0,21,1.1904761904999999,1,0,6,1,0,2,0,0,19,0,17
Milan Gajic,Girondins de Bordeaux,French Ligue 1,Defender,70,70,60,69,72,9,0,0,5,5,0,0,0,0,17,0,14,2.4285714286,1,0,1,0,0,4,0,0,10,0,9
Milan Skriniar,Inter,Italian Serie A,Defender,67,42,61,67,75,10,0,0,6,5,1,0,0,0,53,0,35,1.7428571429,0,0,0,0,1,0,0,0,8,0,3
Milos Veljkovic,SV Werder Bremen,German Bundesliga,Defender,69,52,64,55,75,15,0,0,3,5,0,4,0,0,45,0,25,1.2,0,0,0,0,0,1,0,0,7,0,3
Molla Wague,Watford,English Premier League,Defender,46,36,51,64,71,13,0,0,0,2,0,0,0,0,11,0,6,0.8333333333,0,0,6,6,0,2,0,0,32,0,21
Nacho Monreal,Arsenal,English Premier League,Defender,77,73,61,76,83,7,0,2,11,5,0,1,0,0,43,0,36,2.75,0,3,17,1,0,0,0,0,34,0,37
Nathan Ake,Bournemouth,English Premier League,Defender,75,63,72,76,76,10,3,1,3,1,0,0,0,0,20,0,12,3.3333333332999997,1,1,7,4,1,1,0,0,31,0,24
Nathaniel Chalobah,Watford,English Premier League,Defender,78,74,79,65,70,12,0,1,0,2,0,1,0,0,6,0,10,2.3,0,0,0,0,0,0,0,0,3,0,5
Nathaniel Clyne,Liverpool,English Premier League,Defender,77,76,67,83,79,10,0,2,12,0,0,1,0,0,41,0,37,3.027027027,1,1,10,6,0,0,0,0,45,0,33
Neil Taylor,Aston Villa,English Championship,Defender,70,68,70,67,76,15,0,0,1,1,0,2,0,0,28,0,11,0.6363636364,0,1,8,4,0,1,0,0,49,0,34
Nenad Tomovic,Chievo Verona,Italian Serie A,Defender,64,62,66,71,76,8,0,1,5,11,0,5,0,0,37,0,25,1.8,0,0,6,5,0,2,0,0,28,0,23
Neven Subotic,Borussia Dortmund,German Bundesliga,Defender,50,39,66,65,76,6,0,0,1,1,0,0,0,0,21,0,12,1.25,0,0,3,2,0,0,0,0,2,0,6
Nico Elvedi,Borussia Monchengladbach,German Bundesliga,Defender,67,66,61,71,75,9,0,0,5,4,0,6,0,0,40,0,25,1.8,0,2,4,2,0,3,0,0,28,0,21
Nicolas Burdisso,Torino,Italian Serie A,Defender,54,40,65,55,77,8,0,1,8,10,0,1,0,0,62,0,36,1.75,0,0,9,7,1,1,0,0,33,0,28
Nicolas Otamendi,Manchester City,English Premier League,Defender,71,41,66,64,85,12,1,1,9,9,0,1,0,0,28,0,30,2.9666666667,1,0,11,9,0,1,0,0,35,0,30
Nicolas Pallois,FC Nantes,French Ligue 1,Defender,68,57,68,63,75,15,2,1,10,9,1,0,0,0,38,0,31,2.7741935483999995,1,1,4,3,1,1,0,0,25,1,17
Nicolas Pareja,Sevilla FC,Spanish Primera Division,Defender,76,59,77,35,80,14,1,1,5,6,1,7,0,0,40,0,27,2.1481481481,0,0,0,0,0,1,0,0,5,0,2
Nicolas Spolli,Genoa,Italian Serie A,Defender,45,45,45,49,79,8,0,0,4,9,0,1,0,0,31,0,21,1.4761904762,0,0,2,6,0,1,0,0,18,0,14
Niklas Moisander,SV Werder Bremen,German Bundesliga,Defender,76,68,72,64,72,11,0,1,6,5,0,0,0,0,48,0,30,1.9,0,0,5,4,1,0,0,0,31,1,22
Niklas Stark,Hertha BSC Berlin,German Bundesliga,Defender,77,65,67,78,79,7,1,0,6,6,0,5,0,0,33,0,27,2.5185185185,2,0,5,3,0,1,0,0,26,0,21
Niklas Sule,FC Bayern Munich,German Bundesliga,Defender,76,42,61,76,82,15,2,2,11,4,0,2,0,0,36,1,33,3.2121212120999996,0,1,6,4,0,0,0,0,50,0,33
Nikola Maksimovic,Napoli,Italian Serie A,Defender,59,49,59,68,80,12,1,0,0,1,0,0,0,0,13,0,8,1.75,0,1,2,3,0,0,0,0,25,0,16
Norbert Gyomber,Bari,Italian Serie B,Defender,54,43,53,52,76,9,0,0,1,4,0,3,0,0,22,0,10,0.7,0,0,0,1,0,0,0,0,7,0,6
Olivier Boscagli,Nimes Olympique,French Ligue 2,Defender,68,66,64,67,72,8,0,0,0,0,0,0,0,0,2,0,1,0.0,1,0,1,4,0,0,0,0,17,0,12
Omer Toprak,Borussia Dortmund,German Bundesliga,Defender,74,64,69,79,84,11,1,0,4,6,0,5,0,1,43,0,25,1.68,1,0,5,2,0,6,0,0,21,0,19
Oscar Duarte,RCD Espanyol,Spanish Primera Division,Defender,70,48,55,69,74,15,0,0,1,4,0,1,0,0,27,0,15,1.0666666667,1,0,2,5,0,1,0,0,25,1,14
Oscar Wendt,Borussia Monchengladbach,German Bundesliga,Defender,77,73,76,78,71,9,2,2,8,3,0,4,0,0,39,0,28,3.0,3,2,4,5,0,1,0,0,46,0,30
Oswaldo Vizcarrondo,ES Troyes AC,French Ligue 1,Defender,63,26,64,27,78,11,0,0,5,10,0,0,0,0,23,0,20,1.95,0,0,11,7,0,1,0,0,37,0,31
Pablo Martinez,RC Strasbourg,French Ligue 1,Defender,62,52,57,68,58,11,0,0,2,4,0,3,0,0,14,0,9,1.3333333333,0,1,5,3,0,4,0,0,45,1,28
Pablo Zabaleta,West Ham United,English Premier League,Defender,72,73,64,61,84,10,1,1,2,2,0,3,0,0,25,0,20,2.0,0,2,3,3,0,1,0,0,16,0,13
Paddy McNair,Sunderland,English Championship,Defender,70,65,69,66,73,14,0,0,0,0,0,5,0,0,13,1,9,0.8888888889,0,0,0,0,0,2,0,0,8,0,8
Paolo Cannavaro,Sassuolo,Italian Serie A,Defender,62,45,68,31,80,14,1,0,0,2,0,1,0,0,32,0,18,1.2777777778,0,1,8,8,0,2,0,0,32,0,31
Pape Souare,Crystal Palace,English Premier League,Defender,70,73,68,73,67,8,0,0,0,0,0,1,0,0,3,0,3,2.0,0,1,7,5,1,1,0,0,45,1,34
Patrice Evra,Olympique de Marseille,French Ligue 1,Defender,75,74,69,69,82,3,1,0,4,3,0,7,0,0,17,0,17,2.6287878788,2,3,12,6,0,3,0,0,14,0,26
Patrick Herrmann,Borussia Monchengladbach,German Bundesliga,Defender,77,82,64,87,29,14,1,1,0,1,0,9,0,0,29,0,18,1.6111111111,3,1,1,0,0,4,0,0,23,0,18
Patrick van Aanholt,Crystal Palace,English Premier League,Defender,73,74,74,86,67,9,5,1,3,3,0,4,0,0,58,0,32,2.21875,4,3,6,2,0,0,0,0,56,0,33
Paul Baysse,Malaga CF,Spanish Primera Division,Defender,74,62,70,67,74,11,2,1,9,2,0,0,0,0,20,0,22,3.7272727273000004,0,1,12,2,1,0,0,0,28,0,30
Paul Verhaegh,VfL Wolfsburg,German Bundesliga,Defender,75,72,68,69,81,7,3,2,8,4,0,2,0,1,47,0,31,2.7419354839,6,2,8,8,0,1,0,0,35,1,25
Pedro Mendes,Montpellier Herault SC,French Ligue 1,Defender,45,60,50,64,74,10,0,0,6,6,0,2,0,0,20,0,19,2.6315789474,0,0,3,5,0,2,0,0,29,0,22
Pedro Pereira,SL Benfica,Portuguese Primeira Liga,Defender,64,65,57,76,67,10,0,0,2,5,0,1,0,0,14,0,12,1.6666666666999999,0,1,0,0,0,3,0,0,16,0,9
Per Mertesacker,Arsenal,English Premier League,Defender,66,39,58,28,86,12,0,0,0,0,0,0,0,0,1,0,1,1.0,0,0,9,1,1,1,0,0,24,0,24
Peter Pekarik,Hertha BSC Berlin,German Bundesliga,Defender,75,73,64,74,69,12,1,1,10,3,0,3,0,0,45,0,31,2.6451612903,0,1,3,1,0,1,0,0,16,0,12
Phil Jones,Manchester United,English Premier League,Defender,75,60,67,65,82,10,0,0,5,2,0,1,0,0,14,0,18,3.0,0,0,2,0,0,2,0,0,8,0,10
Philipp Max,FC Augsburg,German Bundesliga,Defender,69,72,59,86,67,15,1,2,2,4,0,9,0,0,39,1,25,1.84,0,0,9,3,0,3,0,0,38,0,26
Philipp Wollscheid,FC Metz,French Ligue 1,Defender,68,33,60,48,74,11,0,0,2,1,0,0,0,0,16,0,9,1.0714285714,0,0,10,2,0,1,0,0,44,0,31
Pierre Bengtsson,FC Kbenhavn,Danish Superliga,Defender,73,69,69,77,63,6,1,1,7,0,0,2,0,0,44,1,30,2.3666666667,0,0,4,1,0,2,0,0,21,0,16
Pierre-Yves Polomat,AJ Auxerre,French Ligue 2,Defender,65,62,59,81,65,9,0,1,1,2,0,0,0,0,14,0,12,2.0,0,0,3,2,0,0,0,0,16,0,15
Presnel Kimpembe,Paris Saint-Germain,French Ligue 1,Defender,69,60,59,69,78,7,0,0,13,7,0,0,0,0,9,0,19,4.2105263158,0,0,4,1,0,1,0,0,2,0,6
Prince Oniangue,Wolverhampton Wanderers,English Championship,Defender,70,65,66,63,71,7,3,0,1,2,0,3,0,0,28,0,15,2.2,4,1,2,3,0,4,0,0,39,1,27
Rafael Da Silva,Urawa Red Diamonds,Japanese J1 League,Defender,65,73,61,81,25,11,0,3,8,7,0,3,0,0,37,0,27,2.5185185185,1,2,2,8,0,6,0,0,29,0,21
Rafael Toloi,Atalanta,Italian Serie A,Defender,63,55,65,54,80,11,0,0,11,7,0,2,0,0,37,0,32,2.65625,1,0,6,7,0,2,0,0,34,1,24
Ramiro Funes Mori,Everton,English Premier League,Defender,67,63,55,70,74,9,0,1,7,0,0,0,0,0,24,0,23,2.8260869564999997,4,1,6,4,1,0,0,0,43,0,28
Ramy Bensebaini,Stade Rennais FC,French Ligue 1,Defender,65,65,62,68,75,6,0,0,7,5,2,4,0,0,28,0,25,2.24,2,0,0,7,0,6,0,0,28,0,22
Raphael Guerreiro,Borussia Dortmund,German Bundesliga,Defender,83,83,74,72,85,12,6,2,1,0,0,9,0,0,28,0,24,3.4166666667000003,3,1,4,3,0,6,0,0,47,0,34
Raphael Varane,Real Madrid CF,Spanish Primera Division,Defender,75,57,76,85,82,11,1,2,7,1,0,4,0,0,19,0,23,3.5652173913,0,0,9,6,0,0,0,0,24,0,26
Raul Albiol,Napoli,Italian Serie A,Defender,71,54,65,57,83,8,0,1,9,8,0,1,0,0,27,0,27,2.8148148148,1,1,14,10,0,0,0,0,31,1,36
Renato Civelli,Banfield,Argentinian Superliga,Defender,58,31,56,41,71,13,1,0,3,4,0,0,0,0,18,0,13,2.3076923077,0,0,14,6,2,1,0,0,24,0,32
Ricardo Rodriguez,Milan,Italian Serie A,Defender,78,76,79,74,81,14,2,3,7,1,0,2,0,0,40,0,25,2.96,2,3,4,3,0,1,0,0,38,0,24
Riccardo Fiamozzi,Bari,Italian Serie B,Defender,66,63,66,87,55,14,0,0,1,0,0,0,0,0,1,0,4,3.25,0,0,2,1,0,1,0,0,14,0,8
Roberto Gagliardini,Inter,Italian Serie A,Defender,80,76,74,70,79,12,2,3,6,7,0,5,0,0,38,0,31,2.7419354839,0,0,0,0,0,1,0,0,1,0,1
Roberto Rosales,Malaga CF,Spanish Primera Division,Defender,75,77,68,78,73,11,1,2,6,5,0,0,0,0,47,0,32,2.28125,0,3,12,5,0,1,0,0,32,0,35
Roberto Vitiello,Ternana,Italian Serie B,Defender,55,47,54,64,76,9,0,0,0,2,0,4,0,0,13,0,5,0.0,0,0,3,3,1,1,0,0,12,1,10
Rodrigo Ely,Deportivo Alaves,Spanish Primera Division,Defender,54,50,52,71,74,13,1,0,3,4,0,1,0,0,9,0,10,1.45,0,0,0,2,0,0,0,0,7,1,3
Rolando,Olympique de Marseille,French Ligue 1,Defender,68,57,65,34,77,14,4,0,14,2,0,0,0,0,32,0,30,3.9,1,0,2,4,0,1,0,0,26,0,20
Romain Bregerie,FC Ingolstadt 04,German 2. Bundesliga,Defender,63,46,61,63,66,9,3,0,1,3,1,0,0,0,26,0,17,2.1764705882,0,0,2,3,1,2,0,0,21,0,22
Romain Genevois,SM Caen,French Ligue 1,Defender,64,56,55,65,68,10,0,0,3,1,0,2,0,0,22,0,12,1.6666666666999999,1,0,2,4,0,1,0,0,14,1,14
Romain Thomas,Angers SCO,French Ligue 1,Defender,76,28,72,54,82,13,1,0,8,5,1,0,0,0,47,0,36,2.2777777778,2,0,16,8,0,1,0,0,33,0,36
Ruben Duarte,Deportivo Alaves,Spanish Primera Division,Defender,74,57,55,69,67,10,0,0,0,1,0,1,0,0,8,0,3,-0.6666666667,0,1,4,5,0,2,0,0,42,0,22
Ruben Pardo,Real Sociedad,Spanish Primera Division,Defender,85,79,84,68,64,7,1,0,2,2,0,9,0,0,29,0,19,2.0526315789,0,7,6,7,0,8,0,0,34,0,28
Ruben Vezo,Valencia CF,Spanish Primera Division,Defender,67,47,64,63,80,11,0,1,2,3,0,2,0,0,41,1,19,0.9473684211,0,0,3,2,0,0,0,0,15,0,15
Ryan Bertrand,Southampton,English Premier League,Defender,76,77,70,79,77,11,2,4,12,3,0,1,0,0,36,0,28,3.6785714286,1,3,9,6,0,0,0,0,33,0,32
Ryan Shawcross,Stoke City,English Premier League,Defender,63,42,69,51,80,10,1,1,9,6,0,0,0,0,53,2,35,2.1428571429,0,0,7,3,0,1,0,0,31,0,20
Sam Byram,West Ham United,English Premier League,Defender,70,72,65,75,68,10,0,1,3,6,0,2,0,0,35,0,18,1.1666666667,0,0,1,3,0,0,0,0,5,0,4
Samir,Udinese,Italian Serie A,Defender,63,48,46,69,77,11,0,1,5,3,0,4,0,0,24,0,21,2.6190476190000003,1,0,1,1,0,0,0,0,4,0,3
Samuel Umtiti,FC Barcelona,Spanish Primera Division,Defender,79,69,73,75,86,15,1,0,8,4,0,2,0,0,22,1,25,3.04,1,0,11,5,0,2,0,0,26,0,30
Sandro Sirigu,SV Darmstadt 98,German 2. Bundesliga,Defender,66,71,57,88,56,6,2,1,1,5,0,5,0,0,56,0,30,1.1333333333,0,2,0,0,0,1,0,0,8,0,6
Santiago Gentiletti,Genoa,Italian Serie A,Defender,60,59,65,69,78,14,0,1,2,2,0,3,0,0,27,0,15,1.6666666666999999,0,0,6,10,0,0,0,0,28,1,19
Sascha Riether,FC Schalke 04,German Bundesliga,Defender,73,68,66,67,72,9,0,0,0,0,0,0,0,0,8,0,5,1.0,0,0,4,3,0,0,0,0,25,1,17
Scott Dann,Crystal Palace,English Premier League,Defender,63,38,65,45,79,6,3,1,2,2,0,1,0,0,37,0,23,2.3043478261000003,5,1,8,7,0,0,0,0,44,0,35
Seamus Coleman,Everton,English Premier League,Defender,78,78,70,72,76,5,4,3,10,3,0,1,0,0,28,0,26,4.0769230769,1,4,7,4,0,4,0,0,38,1,28
Sebastian Da Maio,Bologna,Italian Serie A,Defender,50,46,46,67,75,6,0,0,0,1,0,0,0,0,15,0,7,0.7142857143000001,1,1,6,6,0,3,0,0,36,1,28
Sebastian Prodl,Watford,English Premier League,Defender,60,30,49,36,74,11,1,1,4,11,0,4,0,0,52,0,33,1.7272727273,2,0,5,5,0,0,0,0,29,0,21
Sebastien Corchia,Sevilla FC,Spanish Primera Division,Defender,76,75,74,77,78,6,1,1,11,4,0,1,0,0,47,0,38,2.7368421052999996,2,2,11,6,0,4,0,0,25,0,33
Serge Aurier,Tottenham Hotspur,English Premier League,Defender,76,76,72,84,76,7,0,3,10,4,0,1,0,0,21,1,22,3.4545454545,2,2,13,8,0,1,0,0,9,0,21
Sergi Gomez,RC Celta de Vigo,Spanish Primera Division,Defender,80,56,77,36,80,15,0,0,3,4,0,2,0,0,46,0,25,1.28,0,1,7,6,0,0,0,0,46,0,31
Sergio Ramos,Real Madrid CF,Spanish Primera Division,Defender,78,61,72,77,88,11,7,0,5,6,1,1,0,0,35,1,28,3.1071428571,2,2,7,9,0,2,0,0,24,0,23
Shkodran Mustafi,Arsenal,English Premier League,Defender,77,53,69,69,85,11,2,2,8,11,0,1,0,0,35,0,27,0.4615384615,2,0,6,13,0,1,0,0,40,1,30
Sidnei,RC Deportivo de La Coruna,Spanish Primera Division,Defender,71,69,68,58,80,10,1,0,6,2,0,3,0,0,52,0,29,1.9310344828000001,0,0,7,2,0,2,0,0,49,0,33
Silvan Widmer,Udinese,Italian Serie A,Defender,75,77,73,84,67,10,0,4,6,2,0,1,0,0,42,0,28,2.5,0,2,2,4,0,4,0,0,40,0,27
Sime Vrsaljko,Atletico Madrid,Spanish Primera Division,Defender,74,74,70,82,79,15,0,0,5,1,0,2,0,0,9,0,14,3.3571428571,0,4,10,8,0,3,0,0,35,0,35
Simon Francis,Bournemouth,English Premier League,Defender,73,66,67,67,71,12,0,1,10,4,1,2,0,0,59,0,34,2.0294117647,0,4,6,5,1,0,0,0,67,0,38
Slobodan Rajkovic,Palermo,Italian Serie B,Defender,57,42,59,75,67,9,0,0,0,1,0,1,0,0,7,0,4,1.0,1,1,2,4,0,1,0,0,24,0,16
Steeve Yago,Toulouse FC,French Ligue 1,Defender,65,65,57,68,70,7,0,0,6,12,0,3,0,0,24,0,22,2.1818181818,0,0,4,3,1,0,0,0,26,1,19
Stefan Radu,Lazio,Italian Serie A,Defender,71,66,67,72,85,9,2,1,5,10,0,9,0,0,35,0,30,2.5,0,1,2,4,0,3,0,0,21,0,13
Stefan Savic,Atletico Madrid,Spanish Primera Division,Defender,67,47,69,65,84,14,1,1,14,6,0,0,0,0,24,0,32,3.625,0,0,9,1,0,0,0,0,5,0,12
Stefan de Vrij,Lazio,Italian Serie A,Defender,71,61,71,68,85,8,2,3,7,3,0,5,0,0,33,0,27,3.1481481481,0,0,0,0,0,0,0,0,5,0,2
Stephen Kingsley,Hull City,English Championship,Defender,67,69,55,69,65,11,0,0,3,0,0,1,0,0,22,0,13,1.9230769231,0,1,0,0,0,1,0,0,3,1,4
Steve Cook,Bournemouth,English Premier League,Defender,72,54,62,53,76,14,2,0,10,5,0,0,0,0,67,1,38,2.0789473684,4,1,7,5,0,1,0,0,64,0,36
Steven Moreira,FC Lorient,French Ligue 2,Defender,73,63,67,70,73,10,0,3,3,5,0,1,0,0,50,0,29,1.724137931,0,0,2,2,0,2,0,0,22,0,16
Stoppila Sunzu,Arsenal Tula,Russian Premier League,Defender,66,39,64,74,67,14,0,0,0,0,0,2,0,0,3,0,4,1.75,1,0,6,1,0,1,0,0,7,0,12
Syam Ben Youssef,Kasimpasa SK,Turkish Super Lig,Defender,52,50,49,65,68,12,0,0,1,5,0,1,0,0,31,0,17,1.0,3,1,2,2,0,0,0,0,24,0,18
Theodor Gebre Selassie,SV Werder Bremen,German Bundesliga,Defender,74,75,68,77,72,7,5,2,5,4,0,2,0,0,57,0,30,2.4,1,2,2,6,0,1,0,0,59,1,33
Thiago Cionek,Palermo,Italian Serie B,Defender,46,46,52,70,71,6,0,0,5,8,0,4,0,0,54,0,30,1.3333333333,0,1,3,2,0,0,0,0,5,0,5
Thiago Silva,Paris Saint-Germain,French Ligue 1,Defender,79,68,81,74,89,9,3,2,13,1,0,1,0,0,20,0,27,4.4814814814999995,1,1,14,3,0,1,0,0,17,0,30
Thomas Heurtaux,Hellas Verona,Italian Serie A,Defender,59,50,63,65,78,7,0,1,0,3,0,2,0,0,24,0,11,0.45454545450000006,0,0,1,4,0,3,0,0,22,0,15
Timothy Fosu-Mensah,Crystal Palace,English Premier League,Defender,73,65,70,85,74,11,0,0,1,0,0,0,0,0,1,0,4,3.25,0,1,1,1,0,1,0,0,6,0,8
Tin Jedvaj,Bayer 04 Leverkusen,German Bundesliga,Defender,68,60,60,69,76,15,1,0,3,3,0,2,0,0,31,0,18,1.7777777778,0,0,4,6,0,5,0,0,17,0,15
Tito,CD Leganes,Spanish Primera Division,Defender,68,65,67,72,74,11,0,3,4,4,0,4,0,0,41,0,22,1.8636363636000002,1,3,4,5,1,3,0,0,53,0,29
Tobias Levels,FC Ingolstadt 04,German 2. Bundesliga,Defender,63,51,52,67,66,14,0,0,0,3,1,0,0,0,18,0,10,0.4,1,2,6,5,0,0,0,0,17,0,16
Tobias Strobl,Borussia Monchengladbach,German Bundesliga,Defender,74,61,72,67,78,11,0,2,3,7,0,4,0,0,38,0,24,1.625,0,1,4,5,0,2,0,0,39,0,26
Toby Alderweireld,Tottenham Hotspur,English Premier League,Defender,77,62,81,69,84,16,1,0,14,1,0,3,0,0,18,0,30,3.9666666667,4,2,13,3,0,1,0,0,35,0,38
Toni Sunjic,Dinamo Moscow,Russian Premier League,Defender,45,30,44,63,74,16,0,0,1,1,0,0,0,0,12,0,7,1.1428571429,1,0,3,6,0,4,0,0,36,0,19
Tony Jantschke,Borussia Monchengladbach,German Bundesliga,Defender,72,63,70,64,83,11,0,0,7,3,0,3,0,0,27,0,22,2.4090909091,0,0,0,2,0,2,0,0,21,0,12
Tyrone Mings,Bournemouth,English Premier League,Defender,65,69,59,75,70,7,0,0,0,0,0,1,0,0,16,2,7,-0.2857142857,0,0,0,0,0,1,0,0,1,0,1
Ulisses Garcia,SV Werder Bremen,German Bundesliga,Defender,62,70,46,78,62,8,0,0,0,1,0,0,0,0,16,0,6,-0.3333333333,0,0,0,3,0,3,0,0,18,0,11
Uros Cosic,AEK Athens,Greek Super League,Defender,50,48,50,72,72,14,0,0,2,2,0,1,0,0,18,0,14,1.7857142857,0,0,3,4,0,0,0,0,11,0,9
Vasco Regini,Sampdoria,Italian Serie A,Defender,61,55,58,68,77,8,0,4,7,5,0,1,0,0,51,0,35,2.1714285714,0,0,2,2,0,2,0,0,27,0,15
Victor Ruiz,Villarreal CF,Spanish Primera Division,Defender,75,53,70,61,83,12,1,1,12,4,2,0,0,0,21,0,28,3.4285714286,0,0,14,9,0,0,0,0,29,1,34
Vincent Kompany,Manchester City,English Premier League,Defender,72,63,66,64,80,10,3,0,4,5,0,3,0,0,9,0,11,4.090909090899999,2,0,9,5,0,1,0,0,8,0,14
Vincent Laurini,Fiorentina,Italian Serie A,Defender,63,60,60,77,72,9,0,0,3,2,1,8,0,0,35,0,24,1.8333333333000001,1,0,5,5,0,7,0,0,32,0,25
Vincent Le Goff,FC Lorient,French Ligue 2,Defender,73,69,72,68,72,6,1,1,4,5,0,0,0,0,70,0,38,1.5263157895,0,0,4,4,0,1,0,0,38,0,27
Virgil van Dijk,Southampton,English Premier League,Defender,76,70,76,76,83,13,1,0,7,4,0,1,0,0,23,0,21,3.0,3,0,10,2,0,0,0,0,36,0,34
Vlad Chiriches,Napoli,Italian Serie A,Defender,68,59,70,68,79,7,2,0,3,0,0,1,0,0,17,0,13,3.0769230769,1,0,4,2,0,1,0,0,6,0,8
Wendell,Bayer 04 Leverkusen,German Bundesliga,Defender,75,78,65,86,76,8,2,2,5,9,0,4,0,0,52,0,32,1.9375,0,0,10,10,0,2,0,0,35,0,28
Wes Morgan,Leicester City,English Premier League,Defender,56,58,47,41,76,14,1,0,5,3,0,0,0,0,45,0,27,1.962962963,2,1,15,3,0,0,0,0,36,0,38
Wesley Hoedt,Southampton,English Premier League,Defender,68,58,74,66,78,15,2,0,4,5,0,2,0,0,32,1,23,2.1739130435,0,0,8,4,0,3,0,0,31,0,25
Wilfried Moimbe,FC Nantes,French Ligue 1,Defender,67,67,64,70,64,6,0,0,0,0,0,1,0,0,12,0,8,1.0,0,1,7,4,0,2,0,0,16,0,15
William Remy,Montpellier Herault SC,French Ligue 1,Defender,57,65,62,74,68,9,0,1,1,1,1,1,0,0,26,0,15,1.0666666667,0,2,8,4,0,4,0,0,31,0,27
Winston Reid,West Ham United,English Premier League,Defender,62,43,62,71,79,13,2,2,9,9,0,3,0,0,50,0,30,2.4666666666999997,1,1,6,5,0,1,0,0,38,1,24
Yoann Andreu,Angers SCO,French Ligue 1,Defender,69,68,64,65,69,13,0,0,3,3,0,1,0,0,18,0,16,2.25,0,1,15,7,0,2,0,0,28,0,31
Yohan Benalouane,Leicester City,English Premier League,Defender,64,47,63,64,78,14,0,0,4,4,0,4,0,0,18,0,11,2.0909090909,0,0,0,1,0,0,0,0,5,0,4
Younes Kaboul,Watford,English Premier League,Defender,64,52,54,57,74,9,2,0,3,2,0,5,0,0,37,0,23,2.2173913043,0,1,7,4,0,1,0,0,32,0,23
Youssouf Sabaly,Girondins de Bordeaux,French Ligue 1,Defender,74,74,59,77,78,9,0,4,8,3,0,2,0,0,33,1,30,2.9666666667,2,1,10,7,0,1,0,0,34,0,29
Yuto Nagatomo,Inter,Italian Serie A,Defender,61,64,48,78,72,12,0,0,2,2,0,4,0,0,24,0,16,1.5,0,0,6,5,1,2,0,0,24,0,23
Zouhair Feddal,Real Betis Balompie,Spanish Primera Division,Defender,66,56,68,62,81,13,2,1,8,8,0,2,0,0,27,0,27,3.1111111111,1,1,5,10,0,0,0,0,50,0,28
